timestamp,jobid,n,threads,computation_time,total_time,primes_found
2026-09-18T00:57:23Z,144874,20000000,4,1.368217,1.544972,1270607
2026-09-18T00:57:25Z,144874,20000000,4,1.370501,1.542206,1270607
2026-09-18T00:57:26Z,144874,20000000,4,1.368805,1.514512,1270607
2026-09-18T00:57:28Z,144874,22500000,4,1.631016,1.819557,1418640
2026-09-18T00:57:30Z,144874,22500000,4,1.614773,1.766975,1418640
2026-09-18T00:57:32Z,144874,22500000,4,1.614724,1.784797,1418640
2026-09-18T00:57:34Z,144874,25000000,4,1.888522,2.08137,1565927
2026-09-18T00:57:36Z,144874,25000000,4,1.874048,2.040158,1565927
2026-09-18T00:57:38Z,144874,25000000,4,1.888158,2.107521,1565927
2026-09-18T00:57:40Z,144874,27500000,4,2.159292,2.394236,1712204
2026-09-18T00:57:43Z,144874,27500000,4,2.144578,2.333944,1712204
2026-09-18T00:57:45Z,144874,27500000,4,2.145169,2.325622,1712204
2026-09-18T00:57:48Z,144874,30000000,4,2.425733,2.627965,1857859
2026-09-18T00:57:50Z,144874,30000000,4,2.426714,2.640143,1857859
2026-09-18T00:57:53Z,144874,30000000,4,2.435736,2.612446,1857859
2026-09-18T00:57:56Z,144874,32500000,4,2.742863,2.966136,2002749
2026-09-18T00:57:59Z,144874,32500000,4,2.73016,3.012298,2002749
2026-09-18T00:58:02Z,144874,32500000,4,2.71902,2.951149,2002749
2026-09-18T00:58:05Z,144874,35000000,4,3.032547,3.268986,2146775
2026-09-18T00:58:09Z,144874,35000000,4,3.035348,3.292728,2146775
2026-09-18T00:58:12Z,144874,35000000,4,3.019016,3.226038,2146775
2026-09-18T00:58:15Z,144874,37500000,4,3.332752,3.541226,2290350
2026-09-18T00:58:19Z,144874,37500000,4,3.341129,3.548964,2290350
2026-09-18T00:58:22Z,144874,37500000,4,3.328683,3.531573,2290350
2026-09-18T00:58:26Z,144874,40000000,4,3.646424,3.862339,2433654
2026-09-18T00:58:30Z,144874,40000000,4,3.668795,3.895163,2433654
2026-09-18T00:58:34Z,144874,40000000,4,3.671382,3.890569,2433654
2026-09-18T00:58:38Z,144874,42500000,4,3.973411,4.20872,2576200
2026-09-18T00:58:43Z,144874,42500000,4,3.987833,4.226149,2576200
2026-09-18T00:58:47Z,144874,42500000,4,3.99088,4.21956,2576200
2026-09-18T00:58:51Z,144874,45000000,4,4.327166,4.576302,2718160
2026-09-18T00:58:56Z,144874,45000000,4,4.328898,4.58777,2718160
2026-09-18T00:59:01Z,144874,45000000,4,4.32329,4.567969,2718160
2026-09-18T00:59:06Z,144874,47500000,4,4.676908,4.947721,2859963
2026-09-18T00:59:11Z,144874,47500000,4,4.682546,4.96342,2859963
2026-09-18T00:59:15Z,144874,47500000,4,4.667451,4.952772,2859963
2026-09-18T00:59:21Z,144874,50000000,4,5.025343,5.311526,3001134
2026-09-18T00:59:26Z,144874,50000000,4,5.004685,5.312367,3001134
2026-09-18T00:59:31Z,144874,50000000,4,5.025421,5.308688,3001134
2026-09-18T00:59:38Z,144874,52500000,4,4.931303,5.286871,3141927
2026-09-18T00:59:44Z,144874,52500000,4,5.34295,5.659867,3141927
2026-09-18T00:59:52Z,144874,52500000,4,5.950296,6.360582,3141927
2026-09-18T01:00:00Z,144874,55000000,4,6.319078,6.613581,3282200
2026-09-18T01:00:08Z,144874,55000000,4,6.28999,6.531743,3282200
2026-09-18T01:00:14Z,144874,55000000,4,4.731172,4.985991,3282200
2026-09-18T01:00:20Z,144874,57500000,4,6.138008,6.604267,3422475
2026-09-18T01:00:27Z,144874,57500000,4,6.160502,6.527845,3422475
2026-09-18T01:00:33Z,144874,57500000,4,6.155576,6.479749,3422475
2026-09-18T01:00:40Z,144874,60000000,4,6.489468,6.87433,3562115
2026-09-18T01:00:47Z,144874,60000000,4,6.513557,6.900495,3562115
2026-09-18T01:00:54Z,144874,60000000,4,6.52846,6.85717,3562115
2026-09-18T01:01:01Z,144874,62500000,4,6.924506,7.271291,3701487
2026-09-18T01:01:09Z,144874,62500000,4,6.89764,7.229918,3701487
2026-09-18T01:01:16Z,144874,62500000,4,6.896819,7.216119,3701487
2026-09-18T01:01:24Z,144874,65000000,4,7.299215,7.644418,3840554
2026-09-18T01:01:31Z,144874,65000000,4,7.311963,7.651933,3840554
2026-09-18T01:01:39Z,144874,65000000,4,7.287724,7.662705,3840554
2026-09-18T01:01:47Z,144874,67500000,4,7.707173,8.117917,3979592
2026-09-18T01:01:55Z,144874,67500000,4,7.728707,8.123922,3979592
2026-09-18T01:02:03Z,144874,67500000,4,7.71162,8.075547,3979592
2026-09-18T01:02:12Z,144874,70000000,4,8.107477,8.539214,4118064
2026-09-18T01:02:20Z,144874,70000000,4,8.095439,8.471267,4118064
2026-09-18T01:02:29Z,144874,70000000,4,8.092147,8.458042,4118064
2026-09-18T01:02:38Z,144874,72500000,4,8.493248,8.871107,4256409
2026-09-18T01:02:47Z,144874,72500000,4,8.499875,8.901125,4256409
2026-09-18T01:02:56Z,144874,72500000,4,8.520975,8.922598,4256409
2026-09-18T01:03:05Z,144874,75000000,4,8.928718,9.342328,4394304
2026-09-18T01:03:14Z,144874,75000000,4,8.945603,9.358541,4394304
2026-09-18T01:03:24Z,144874,75000000,4,8.94269,9.370813,4394304
2026-09-18T01:03:33Z,144874,77500000,4,9.384462,9.786463,4532043
2026-09-18T01:03:43Z,144874,77500000,4,9.351423,9.874065,4532043
2026-09-18T01:03:54Z,144874,77500000,4,9.364391,10.400401,4532043
2026-09-18T01:04:04Z,144874,80000000,4,9.765108,10.391469,4669382
2026-09-18T01:04:16Z,144874,80000000,4,9.762446,11.426828,4669382
2026-09-18T01:04:27Z,144874,80000000,4,9.760715,11.841242,4669382
2026-09-18T01:04:39Z,144874,82500000,4,10.22897,11.893723,4806760
2026-09-18T01:04:51Z,144874,82500000,4,10.287055,11.12431,4806760
2026-09-18T01:05:02Z,144874,82500000,4,10.279974,11.73685,4806760
2026-09-18T01:05:14Z,144874,85000000,4,11.121245,11.583938,4943731
2026-09-18T01:05:25Z,144874,85000000,4,10.714975,11.348412,4943731
2026-09-18T01:05:37Z,144874,85000000,4,10.810457,11.283797,4943731
2026-09-18T01:05:48Z,144874,87500000,4,11.136213,11.579276,5080463
2026-09-18T01:06:00Z,144874,87500000,4,11.16945,11.744806,5080463
2026-09-18T01:06:12Z,144874,87500000,4,11.212745,11.692404,5080463
2026-09-18T01:06:24Z,144874,90000000,4,11.585976,12.095322,5216954
2026-09-18T01:06:36Z,144874,90000000,4,11.58682,12.265689,5216954
2026-09-18T01:06:48Z,144874,90000000,4,11.59509,12.189657,5216954
2026-09-18T01:07:03Z,144874,92500000,4,12.685379,13.514792,5353469
2026-09-18T01:07:16Z,144874,92500000,4,12.313414,12.807207,5353469
2026-09-18T01:07:29Z,144874,92500000,4,11.293702,11.789763,5353469
2026-09-18T01:07:43Z,144874,95000000,4,13.378292,13.936929,5489749
2026-09-18T01:07:56Z,144874,95000000,4,12.51124,12.995195,5489749
2026-09-18T01:08:09Z,144874,95000000,4,12.59616,13.356178,5489749
2026-09-18T01:08:23Z,144874,97500000,4,12.990904,13.588081,5625732
2026-09-18T01:08:37Z,144874,97500000,4,13.062914,13.679906,5625732
2026-09-18T01:08:51Z,144874,97500000,4,13.339427,13.851306,5625732
2026-09-18T01:09:04Z,144874,100000000,4,13.44352,13.948091,5761455
2026-09-18T01:09:18Z,144874,100000000,4,13.427417,13.930647,5761455
2026-09-18T01:09:32Z,144874,100000000,4,13.436474,13.937069,5761455
