timestamp,jobid,n,computation_time,total_time,primes_found
2026-09-17T08:16:46Z,137041,20000000,5.396992,5.543961,1270607
2026-09-17T08:16:46Z,137039,20000000,5.397043,5.544683,1270607
2026-09-17T08:16:46Z,137040,20000000,5.397105,5.544714,1270607
2026-09-17T08:16:52Z,137041,22500000,6.380946,6.537441,1418640
2026-09-17T08:16:52Z,137040,22500000,6.384288,6.535525,1418640
2026-09-17T08:16:52Z,137039,22500000,6.393863,6.538288,1418640
2026-09-17T08:17:00Z,137039,25000000,7.405545,7.574956,1565927
2026-09-17T08:17:00Z,137041,25000000,7.404541,7.577880,1565927
2026-09-17T08:17:00Z,137040,25000000,7.408663,7.575939,1565927
2026-09-17T08:17:08Z,137039,27500000,8.477063,8.650725,1712204
2026-09-17T08:17:08Z,137040,27500000,8.477658,8.649028,1712204
2026-09-17T08:17:08Z,137041,27500000,8.477814,8.650668,1712204
2026-09-17T08:17:18Z,137041,30000000,9.604820,9.782694,1857859
2026-09-17T08:17:18Z,137039,30000000,9.606977,9.785094,1857859
2026-09-17T08:17:18Z,137040,30000000,9.607464,9.784957,1857859
2026-09-17T08:17:29Z,137041,32500000,10.766043,10.970640,2002749
2026-09-17T08:17:29Z,137039,32500000,10.769112,10.969645,2002749
2026-09-17T08:17:29Z,137040,32500000,10.767092,10.968735,2002749
2026-09-17T08:17:41Z,137041,35000000,11.952136,12.164491,2146775
2026-09-17T08:17:41Z,137040,35000000,11.955533,12.162740,2146775
2026-09-17T08:17:41Z,137039,35000000,11.953337,12.163652,2146775
2026-09-17T08:17:55Z,137041,37500000,13.176498,13.418418,2290350
2026-09-17T08:17:55Z,137039,37500000,13.174659,13.417251,2290350
2026-09-17T08:17:55Z,137040,37500000,13.175602,13.417419,2290350
2026-09-17T08:18:10Z,137041,40000000,14.448819,14.690651,2433654
2026-09-17T08:18:10Z,137040,40000000,14.447060,14.689677,2433654
2026-09-17T08:18:10Z,137039,40000000,14.444347,14.691393,2433654
2026-09-17T08:18:26Z,137041,42500000,15.744254,16.029437,2576200
2026-09-17T08:18:26Z,137040,42500000,15.746877,16.028497,2576200
2026-09-17T08:18:26Z,137039,42500000,15.740943,16.028382,2576200
2026-09-17T08:18:43Z,137039,45000000,17.078779,17.389574,2718160
2026-09-17T08:18:43Z,137041,45000000,17.076334,17.391052,2718160
2026-09-17T08:18:43Z,137040,45000000,17.083117,17.390074,2718160
2026-09-17T08:19:02Z,137041,47500000,18.438553,18.776506,2859963
2026-09-17T08:19:02Z,137039,47500000,18.445450,18.778262,2859963
2026-09-17T08:19:02Z,137040,47500000,18.448602,18.775465,2859963
2026-09-17T08:19:22Z,137041,50000000,19.876991,20.181906,3001134
2026-09-17T08:19:22Z,137040,50000000,19.882058,20.180235,3001134
2026-09-17T08:19:22Z,137039,50000000,19.881805,20.180457,3001134
2026-09-17T08:19:44Z,137041,52500000,21.271879,21.631235,3141927
2026-09-17T08:19:44Z,137040,52500000,21.269495,21.631064,3141927
2026-09-17T08:19:44Z,137039,52500000,21.277222,21.629069,3141927
2026-09-17T08:20:07Z,137039,55000000,22.738397,23.101596,3282200
2026-09-17T08:20:07Z,137040,55000000,22.735180,23.103469,3282200
2026-09-17T08:20:07Z,137041,55000000,22.723838,23.103864,3282200
2026-09-17T08:20:31Z,137039,57500000,24.239642,24.583620,3422475
2026-09-17T08:20:31Z,137041,57500000,24.221772,24.581705,3422475
2026-09-17T08:20:31Z,137040,57500000,24.232082,24.583806,3422475
2026-09-17T08:20:58Z,137041,60000000,25.723553,26.070440,3562115
2026-09-17T08:20:58Z,137040,60000000,25.718099,26.069294,3562115
2026-09-17T08:20:58Z,137039,60000000,25.721441,26.071158,3562115
2026-09-17T08:21:25Z,137041,62500000,27.263303,27.637838,3701487
2026-09-17T08:21:25Z,137040,62500000,27.264735,27.637751,3701487
2026-09-17T08:21:25Z,137039,62500000,27.260734,27.636794,3701487
2026-09-17T08:21:54Z,137039,65000000,28.830864,29.208898,3840554
2026-09-17T08:21:54Z,137040,65000000,28.818026,29.209802,3840554
2026-09-17T08:21:54Z,137041,65000000,28.820242,29.211670,3840554
2026-09-17T08:22:25Z,137041,67500000,30.419753,30.830156,3979592
2026-09-17T08:22:25Z,137040,67500000,30.428502,30.831097,3979592
2026-09-17T08:22:25Z,137039,67500000,30.428490,30.832371,3979592
2026-09-17T08:22:58Z,137040,70000000,32.069050,32.475703,4118064
2026-09-17T08:22:58Z,137041,70000000,32.095771,32.483733,4118064
2026-09-17T08:22:58Z,137039,70000000,32.103800,32.483288,4118064
2026-09-17T08:23:32Z,137039,72500000,33.690758,34.065211,4256409
2026-09-17T08:23:32Z,137041,72500000,33.683674,34.066846,4256409
2026-09-17T08:23:32Z,137040,72500000,33.686743,34.072578,4256409
2026-09-17T08:24:08Z,137041,75000000,35.389940,35.790605,4394304
2026-09-17T08:24:08Z,137039,75000000,35.414249,35.791534,4394304
2026-09-17T08:24:08Z,137040,75000000,35.388262,35.789679,4394304
2026-09-17T08:24:45Z,137041,77500000,37.048439,37.507219,4532043
2026-09-17T08:24:45Z,137039,77500000,37.047371,37.506292,4532043
2026-09-17T08:24:45Z,137040,77500000,37.045572,37.506130,4532043
2026-09-17T08:25:25Z,137039,80000000,38.773161,39.203982,4669382
2026-09-17T08:25:25Z,137041,80000000,38.770887,39.206201,4669382
2026-09-17T08:25:25Z,137040,80000000,38.770089,39.203975,4669382
2026-09-17T08:26:06Z,137039,82500000,40.505952,40.944964,4806760
2026-09-17T08:26:06Z,137040,82500000,40.506252,40.943960,4806760
2026-09-17T08:26:06Z,137041,82500000,40.494831,40.944232,4806760
2026-09-17T08:26:48Z,137041,85000000,42.274414,42.821692,4943731
2026-09-17T08:26:48Z,137039,85000000,42.278336,42.822468,4943731
2026-09-17T08:26:48Z,137040,85000000,42.281181,42.823110,4943731
2026-09-17T08:27:33Z,137041,87500000,44.064961,44.661275,5080463
2026-09-17T08:27:33Z,137039,87500000,44.063375,44.660544,5080463
2026-09-17T08:27:33Z,137040,87500000,44.065741,44.659388,5080463
2026-09-17T08:28:20Z,137041,90000000,45.855858,46.440818,5216954
2026-09-17T08:28:20Z,137039,90000000,45.868781,46.439967,5216954
2026-09-17T08:28:20Z,137040,90000000,45.878801,46.439166,5216954
2026-09-17T08:29:08Z,137041,92500000,47.740516,48.277681,5353469
2026-09-17T08:29:08Z,137040,92500000,47.737250,48.275826,5353469
2026-09-17T08:29:08Z,137039,92500000,47.767711,48.276689,5353469
2026-09-17T08:29:58Z,137039,95000000,49.633719,50.113799,5489749
2026-09-17T08:29:58Z,137041,95000000,49.622624,50.115669,5489749
2026-09-17T08:29:58Z,137040,95000000,49.611389,50.115254,5489749
2026-09-17T08:30:50Z,137039,97500000,51.437934,51.966488,5625732
2026-09-17T08:30:50Z,137041,97500000,51.447498,51.965522,5625732
2026-09-17T08:30:50Z,137040,97500000,51.442106,51.964693,5625732
2026-09-17T08:31:44Z,137041,100000000,53.317995,53.892698,5761455
2026-09-17T08:31:44Z,137039,100000000,53.327975,53.893578,5761455
2026-09-17T08:31:44Z,137040,100000000,53.321212,53.890791,5761455
