timestamp,jobid,n,strategy,processes,computation_time,total_time,primes_found
2026-09-17T01:37:48Z,135442,20000000,weighted,4,1.453997,1.576149,1270607
2026-09-17T01:37:51Z,135442,22500000,weighted,4,1.717618,1.874576,1418640
2026-09-17T01:37:52Z,135443,20000000,weighted,4,1.452263,1.575795,1270607
2026-09-17T01:37:52Z,135444,20000000,weighted,4,1.459042,1.570252,1270607
2026-09-17T01:37:53Z,135442,25000000,weighted,4,1.991675,2.172516,1565927
2026-09-17T01:37:55Z,135443,22500000,weighted,4,1.715094,1.866049,1418640
2026-09-17T01:37:55Z,135444,22500000,weighted,4,1.715589,1.846054,1418640
2026-09-17T01:37:56Z,135442,27500000,weighted,4,2.294189,2.491000,1712204
2026-09-17T01:37:57Z,135443,25000000,weighted,4,1.989947,2.194760,1565927
2026-09-17T01:37:57Z,135444,25000000,weighted,4,1.991364,2.173886,1565927
2026-09-17T01:38:00Z,135442,30000000,weighted,4,2.576873,2.778411,1857859
2026-09-17T01:38:00Z,135444,27500000,weighted,4,2.304969,2.474022,1712204
2026-09-17T01:38:00Z,135443,27500000,weighted,4,2.282606,2.525614,1712204
2026-09-17T01:38:04Z,135442,32500000,weighted,4,2.904470,3.134581,2002749
2026-09-17T01:38:04Z,135444,30000000,weighted,4,2.610241,2.773507,1857859
2026-09-17T01:38:04Z,135443,30000000,weighted,4,2.580987,2.826891,1857859
2026-09-17T01:38:07Z,135444,32500000,weighted,4,2.891043,3.070932,2002749
2026-09-17T01:38:07Z,135443,32500000,weighted,4,2.885230,3.122728,2002749
2026-09-17T01:38:08Z,135442,35000000,weighted,4,3.215383,3.455841,2146775
2026-09-17T01:38:11Z,135444,35000000,weighted,4,3.207831,3.409951,2146775
2026-09-17T01:38:11Z,135443,35000000,weighted,4,3.204354,3.448168,2146775
2026-09-17T01:38:12Z,135442,37500000,weighted,4,3.533857,3.776719,2290350
2026-09-17T01:38:16Z,135444,37500000,weighted,4,3.540888,3.758953,2290350
2026-09-17T01:38:16Z,135443,37500000,weighted,4,3.532787,3.768086,2290350
2026-09-17T01:38:17Z,135442,40000000,weighted,4,3.884152,4.160008,2433654
2026-09-17T01:38:17Z,135445,20000000,weighted,8,0.758612,0.918425,1270607
2026-09-17T01:38:19Z,135445,22500000,weighted,8,0.894316,1.053457,1418640
2026-09-17T01:38:20Z,135444,40000000,weighted,4,3.876026,4.095728,2433654
2026-09-17T01:38:21Z,135446,20000000,weighted,8,1.105445,1.282886,1270607
2026-09-17T01:38:21Z,135443,40000000,weighted,4,3.870955,4.136396,2433654
2026-09-17T01:38:21Z,135445,25000000,weighted,8,1.037224,1.207419,1565927
2026-09-17T01:38:22Z,135442,42500000,weighted,4,4.226776,4.528123,2576200
2026-09-17T01:38:23Z,135446,22500000,weighted,8,1.525902,1.754913,1418640
2026-09-17T01:38:24Z,135445,27500000,weighted,8,1.187341,1.382726,1712204
2026-09-17T01:38:25Z,135444,42500000,weighted,4,4.278472,4.523672,2576200
2026-09-17T01:38:26Z,135443,42500000,weighted,4,4.218520,4.513837,2576200
2026-09-17T01:38:26Z,135446,25000000,weighted,8,1.287097,1.470587,1565927
2026-09-17T01:38:26Z,135445,30000000,weighted,8,1.343079,1.538690,1857859
2026-09-17T01:38:27Z,135442,45000000,weighted,4,4.581457,4.877119,2718160
2026-09-17T01:38:28Z,135446,27500000,weighted,8,1.621991,1.810798,1712204
2026-09-17T01:38:29Z,135445,32500000,weighted,8,1.502142,1.706493,2002749
2026-09-17T01:38:31Z,135444,45000000,weighted,4,4.582000,4.839896,2718160
2026-09-17T01:38:31Z,135446,30000000,weighted,8,1.413953,1.631337,1857859
2026-09-17T01:38:31Z,135443,45000000,weighted,4,4.574723,4.919457,2718160
2026-09-17T01:38:32Z,135445,35000000,weighted,8,1.668428,1.907591,2146775
2026-09-17T01:38:33Z,135442,47500000,weighted,4,4.937283,5.260902,2859963
2026-09-17T01:38:34Z,135446,32500000,weighted,8,1.960532,2.306111,2002749
2026-09-17T01:38:35Z,135445,37500000,weighted,8,1.839418,2.117679,2290350
2026-09-17T01:38:37Z,135444,47500000,weighted,4,4.942213,5.190164,2859963
2026-09-17T01:38:37Z,135443,47500000,weighted,4,4.939885,5.275879,2859963
2026-09-17T01:38:38Z,135446,35000000,weighted,8,2.044919,2.407107,2146775
2026-09-17T01:38:38Z,135445,40000000,weighted,8,2.013379,2.300201,2433654
2026-09-17T01:38:39Z,135442,50000000,weighted,4,5.312230,5.619360,3001134
2026-09-17T01:38:41Z,135446,37500000,weighted,8,1.970855,2.286827,2290350
2026-09-17T01:38:41Z,135445,42500000,weighted,8,2.193902,2.491450,2576200
2026-09-17T01:38:43Z,135444,50000000,weighted,4,5.327935,5.589007,3001134
2026-09-17T01:38:43Z,135443,50000000,weighted,4,5.313256,5.680388,3001134
2026-09-17T01:38:45Z,135446,40000000,weighted,8,2.518664,2.947637,2433654
2026-09-17T01:38:45Z,135445,45000000,weighted,8,2.377972,2.661622,2718160
2026-09-17T01:38:46Z,135442,52500000,weighted,4,5.696137,6.041594,3141927
2026-09-17T01:38:48Z,135446,42500000,weighted,8,2.352069,2.713903,2576200
2026-09-17T01:38:49Z,135445,47500000,weighted,8,2.566475,2.884260,2859963
2026-09-17T01:38:49Z,135444,52500000,weighted,4,5.707036,5.982262,3141927
2026-09-17T01:38:50Z,135443,52500000,weighted,4,5.695821,6.098550,3141927
2026-09-17T01:38:52Z,135446,45000000,weighted,8,2.791569,3.089047,2718160
2026-09-17T01:38:53Z,135445,50000000,weighted,8,2.759871,3.101021,3001134
2026-09-17T01:38:53Z,135442,55000000,weighted,4,6.091157,6.429069,3282200
2026-09-17T01:38:57Z,135444,55000000,weighted,4,6.506837,6.836179,3282200
2026-09-17T01:38:57Z,135446,47500000,weighted,8,3.069077,3.455132,2859963
2026-09-17T01:38:57Z,135443,55000000,weighted,4,6.084565,6.474938,3282200
2026-09-17T01:38:57Z,135445,52500000,weighted,8,2.956543,3.354022,3141927
2026-09-17T01:39:00Z,135442,57500000,weighted,4,6.481035,6.875007,3422475
2026-09-17T01:39:01Z,135446,50000000,weighted,8,3.091885,3.505303,3001134
2026-09-17T01:39:02Z,135445,55000000,weighted,8,3.157408,3.565181,3282200
2026-09-17T01:39:04Z,135444,57500000,weighted,4,6.488420,6.794197,3422475
2026-09-17T01:39:04Z,135447,20000000,weighted,8,0.756883,0.923516,1270607
2026-09-17T01:39:04Z,135443,57500000,weighted,4,6.476609,6.920428,3422475
2026-09-17T01:39:06Z,135446,52500000,weighted,8,3.001164,3.364190,3141927
2026-09-17T01:39:06Z,135447,22500000,weighted,8,0.893602,1.053748,1418640
2026-09-17T01:39:06Z,135445,57500000,weighted,8,3.363966,3.808326,3422475
2026-09-17T01:39:08Z,135442,60000000,weighted,4,6.882527,7.244372,3562115
2026-09-17T01:39:08Z,135447,25000000,weighted,8,1.036195,1.215282,1565927
2026-09-17T01:39:10Z,135446,55000000,weighted,8,3.159539,3.510126,3282200
2026-09-17T01:39:11Z,135447,27500000,weighted,8,1.185677,1.366777,1712204
2026-09-17T01:39:11Z,135445,60000000,weighted,8,3.572707,3.979652,3562115
2026-09-17T01:39:12Z,135444,60000000,weighted,4,6.888464,7.195762,3562115
2026-09-17T01:39:12Z,135443,60000000,weighted,4,6.880807,7.317598,3562115
2026-09-17T01:39:13Z,135447,30000000,weighted,8,1.340607,1.547602,1857859
2026-09-17T01:39:15Z,135446,57500000,weighted,8,3.366168,3.735093,3422475
2026-09-17T01:39:16Z,135447,32500000,weighted,8,1.500481,1.726367,2002749
2026-09-17T01:39:16Z,135445,62500000,weighted,8,3.789633,4.211264,3701487
2026-09-17T01:39:17Z,135442,62500000,weighted,4,7.301723,7.655503,3701487
2026-09-17T01:39:19Z,135447,35000000,weighted,8,1.894876,2.163664,2146775
2026-09-17T01:39:20Z,135446,60000000,weighted,8,3.575421,3.968370,3562115
2026-09-17T01:39:20Z,135444,62500000,weighted,4,7.293076,7.607743,3701487
2026-09-17T01:39:21Z,135443,62500000,weighted,4,7.294595,7.733052,3701487
2026-09-17T01:39:22Z,135445,65000000,weighted,8,4.001286,4.469215,3840554
2026-09-17T01:39:23Z,135447,37500000,weighted,8,2.659494,2.914894,2290350
2026-09-17T01:39:25Z,135446,62500000,weighted,8,3.785357,4.192623,3701487
2026-09-17T01:39:26Z,135442,65000000,weighted,4,8.404613,8.791062,3840554
2026-09-17T01:39:26Z,135447,40000000,weighted,8,2.011882,2.296940,2433654
2026-09-17T01:39:27Z,135445,67500000,weighted,8,4.222942,4.664388,3979592
2026-09-17T01:39:29Z,135444,65000000,weighted,4,7.710108,8.036870,3840554
2026-09-17T01:39:29Z,135447,42500000,weighted,8,2.192616,2.476044,2576200
2026-09-17T01:39:29Z,135443,65000000,weighted,4,7.712791,8.163813,3840554
2026-09-17T01:39:30Z,135446,65000000,weighted,8,4.003621,4.402661,3840554
2026-09-17T01:39:33Z,135447,45000000,weighted,8,2.377487,2.689275,2718160
2026-09-17T01:39:33Z,135445,70000000,weighted,8,4.465498,4.905173,4118064
2026-09-17T01:39:35Z,135442,67500000,weighted,4,8.138400,8.594577,3979592
2026-09-17T01:39:36Z,135446,67500000,weighted,8,4.228980,4.636248,3979592
2026-09-17T01:39:37Z,135447,47500000,weighted,8,2.566780,2.896636,2859963
2026-09-17T01:39:38Z,135444,67500000,weighted,4,8.135699,8.476407,3979592
2026-09-17T01:39:39Z,135443,67500000,weighted,4,8.135186,8.573099,3979592
2026-09-17T01:39:39Z,135445,72500000,weighted,8,4.687660,5.156052,4256409
2026-09-17T01:39:41Z,135447,50000000,weighted,8,2.760305,3.086781,3001134
2026-09-17T01:39:41Z,135446,70000000,weighted,8,4.445916,4.887723,4118064
2026-09-17T01:39:45Z,135442,70000000,weighted,4,8.568650,8.992483,4118064
2026-09-17T01:39:45Z,135447,52500000,weighted,8,2.957048,3.325566,3141927
2026-09-17T01:39:46Z,135445,75000000,weighted,8,4.911979,5.384538,4394304
2026-09-17T01:39:47Z,135444,70000000,weighted,4,8.568788,8.931769,4118064
2026-09-17T01:39:47Z,135446,72500000,weighted,8,4.675820,5.106348,4256409
2026-09-17T01:39:48Z,135443,70000000,weighted,4,8.567371,9.015103,4118064
2026-09-17T01:39:50Z,135447,55000000,weighted,8,3.157300,3.552753,3282200
2026-09-17T01:39:52Z,135445,77500000,weighted,8,5.143256,5.616561,4532043
2026-09-17T01:39:54Z,135446,75000000,weighted,8,4.902051,5.360572,4394304
2026-09-17T01:39:54Z,135447,57500000,weighted,8,3.362618,3.703144,3422475
2026-09-17T01:39:55Z,135442,72500000,weighted,4,9.008128,9.512361,4256409
2026-09-17T01:39:57Z,135444,72500000,weighted,4,9.008721,9.391392,4256409
2026-09-17T01:39:58Z,135443,72500000,weighted,4,9.001779,9.544986,4256409
2026-09-17T01:39:59Z,135447,60000000,weighted,8,3.572058,3.964085,3562115
2026-09-17T01:39:59Z,135445,80000000,weighted,8,5.373707,5.870597,4669382
2026-09-17T01:40:00Z,135446,77500000,weighted,8,5.136851,5.665145,4532043
2026-09-17T01:40:04Z,135447,62500000,weighted,8,3.951569,4.374020,3701487
2026-09-17T01:40:05Z,135442,75000000,weighted,4,9.455745,9.910774,4394304
2026-09-17T01:40:06Z,135445,82500000,weighted,8,5.627675,6.248656,4806760
2026-09-17T01:40:07Z,135446,80000000,weighted,8,5.374752,5.875878,4669382
2026-09-17T01:40:08Z,135444,75000000,weighted,4,9.463100,9.862591,4394304
2026-09-17T01:40:09Z,135443,75000000,weighted,4,9.453487,9.984689,4394304
2026-09-17T01:40:10Z,135447,65000000,weighted,8,4.004880,4.433722,3840554
2026-09-17T01:40:14Z,135445,85000000,weighted,8,5.871401,6.440394,4943731
2026-09-17T01:40:14Z,135446,82500000,weighted,8,5.613148,6.094631,4806760
2026-09-17T01:40:15Z,135447,67500000,weighted,8,4.222355,4.608314,3979592
2026-09-17T01:40:16Z,135442,77500000,weighted,4,9.902797,10.335814,4532043
2026-09-17T01:40:19Z,135444,77500000,weighted,4,9.908752,10.291698,4532043
2026-09-17T01:40:20Z,135443,77500000,weighted,4,9.899974,10.471075,4532043
2026-09-17T01:40:21Z,135447,70000000,weighted,8,4.446918,4.882063,4118064
2026-09-17T01:40:21Z,135446,85000000,weighted,8,5.856308,6.361255,4943731
2026-09-17T01:40:21Z,135445,87500000,weighted,8,6.110195,6.764961,5080463
2026-09-17T01:40:27Z,135447,72500000,weighted,8,4.671910,5.153019,4256409
2026-09-17T01:40:28Z,135442,80000000,weighted,4,10.370086,10.849740,4669382
2026-09-17T01:40:29Z,135446,87500000,weighted,8,6.101522,6.695820,5080463
2026-09-17T01:40:29Z,135445,90000000,weighted,8,6.359991,6.933496,5216954
2026-09-17T01:40:30Z,135444,80000000,weighted,4,10.357460,10.752772,4669382
2026-09-17T01:40:31Z,135443,80000000,weighted,4,10.357739,10.880684,4669382
2026-09-17T01:40:33Z,135447,75000000,weighted,8,4.902062,5.405540,4394304
2026-09-17T01:40:37Z,135446,90000000,weighted,8,6.351136,6.883225,5216954
2026-09-17T01:40:38Z,135445,92500000,weighted,8,7.566386,8.134417,5353469
2026-09-17T01:40:41Z,135447,77500000,weighted,8,6.451972,6.951977,4532043
2026-09-17T01:40:42Z,135444,82500000,weighted,4,10.838745,11.239777,4806760
2026-09-17T01:40:42Z,135442,82500000,weighted,4,13.791064,14.315240,4806760
2026-09-17T01:40:43Z,135443,82500000,weighted,4,10.824192,11.398413,4806760
2026-09-17T01:40:45Z,135446,92500000,weighted,8,6.602075,7.190614,5353469
2026-09-17T01:40:47Z,135445,95000000,weighted,8,6.873296,7.534185,5489749
2026-09-17T01:40:48Z,135447,80000000,weighted,8,5.375654,5.879159,4669382
2026-09-17T01:40:53Z,135446,95000000,weighted,8,6.856664,7.514889,5489749
2026-09-17T01:40:54Z,135444,85000000,weighted,4,11.308736,11.770627,4943731
2026-09-17T01:40:55Z,135442,85000000,weighted,4,11.303309,11.822609,4943731
2026-09-17T01:40:55Z,135447,82500000,weighted,8,5.623736,6.189025,4806760
2026-09-17T01:40:56Z,135445,97500000,weighted,8,7.121279,7.865179,5625732
2026-09-17T01:40:56Z,135443,85000000,weighted,4,11.293646,11.930781,4943731
2026-09-17T01:41:02Z,135446,97500000,weighted,8,7.133059,7.757141,5625732
2026-09-17T01:41:03Z,135447,85000000,weighted,8,5.875210,6.397901,4943731
2026-09-17T01:41:05Z,135445,100000000,weighted,8,7.379553,8.023417,5761455
2026-09-17T01:41:07Z,135444,87500000,weighted,4,11.778643,12.233702,5080463
2026-09-17T01:41:08Z,135442,87500000,weighted,4,11.775634,12.306230,5080463
2026-09-17T01:41:09Z,135443,87500000,weighted,4,11.767522,12.350327,5080463
2026-09-17T01:41:11Z,135447,87500000,weighted,8,6.109228,6.640248,5080463
2026-09-17T01:41:11Z,135446,100000000,weighted,8,7.378506,7.995710,5761455
2026-09-17T01:41:18Z,135447,90000000,weighted,8,6.359880,6.899908,5216954
2026-09-17T01:41:20Z,135444,90000000,weighted,4,12.256015,12.705785,5216954
2026-09-17T01:41:22Z,135442,90000000,weighted,4,12.255290,13.248329,5216954
2026-09-17T01:41:22Z,135443,90000000,weighted,4,12.249346,12.819355,5216954
2026-09-17T01:41:27Z,135447,92500000,weighted,8,6.614668,7.175552,5353469
2026-09-17T01:41:34Z,135444,92500000,weighted,4,12.739415,13.211403,5353469
2026-09-17T01:41:35Z,135447,95000000,weighted,8,6.853911,7.493327,5489749
2026-09-17T01:41:36Z,135442,92500000,weighted,4,12.750002,13.375889,5353469
2026-09-17T01:41:36Z,135443,92500000,weighted,4,12.743891,13.324768,5353469
2026-09-17T01:41:44Z,135447,97500000,weighted,8,7.112198,7.714639,5625732
2026-09-17T01:41:48Z,135444,95000000,weighted,4,13.227860,13.686469,5489749
2026-09-17T01:41:50Z,135442,95000000,weighted,4,13.225850,13.764677,5489749
2026-09-17T01:41:51Z,135443,95000000,weighted,4,13.228967,13.863189,5489749
2026-09-17T01:41:52Z,135447,100000000,weighted,8,7.374059,7.943253,5761455
2026-09-17T01:42:03Z,135444,97500000,weighted,4,13.747396,14.231624,5625732
2026-09-17T01:42:05Z,135442,97500000,weighted,4,13.730425,14.268554,5625732
2026-09-17T01:42:06Z,135443,97500000,weighted,4,13.732268,14.420582,5625732
2026-09-17T01:42:18Z,135444,100000000,weighted,4,14.239417,14.719965,5761455
2026-09-17T01:42:20Z,135442,100000000,weighted,4,14.253109,14.803704,5761455
2026-09-17T01:42:21Z,135443,100000000,weighted,4,14.253180,14.860308,5761455
