n,config,threads,time
100000,serial,1,0.010273
100000,pthread,2,0.002961
100000,omp_static,2,0.005064
100000,omp_dynamic,2,0.002960
100000,pthread,4,0.001304
100000,omp_static,4,0.001491
100000,omp_dynamic,4,0.002469
100000,pthread,8,0.000808
100000,omp_static,8,0.001433
100000,omp_dynamic,8,0.006145
150000,serial,1,0.005482
150000,pthread,2,0.005216
150000,omp_static,2,0.005776
150000,omp_dynamic,2,0.004412
150000,pthread,4,0.002582
150000,omp_static,4,0.002802
150000,omp_dynamic,4,0.003970
150000,pthread,8,0.004007
150000,omp_static,8,0.001567
150000,omp_dynamic,8,0.008418
200000,serial,1,0.006246
200000,pthread,2,0.006081
200000,omp_static,2,0.006583
200000,omp_dynamic,2,0.004768
200000,pthread,4,0.002942
200000,omp_static,4,0.003239
200000,omp_dynamic,4,0.004700
200000,pthread,8,0.001748
200000,omp_static,8,0.001984
200000,omp_dynamic,8,0.010402
250000,serial,1,0.007518
250000,pthread,2,0.007481
250000,omp_static,2,0.008225
250000,omp_dynamic,2,0.005989
250000,pthread,4,0.003953
250000,omp_static,4,0.004341
250000,omp_dynamic,4,0.005930
250000,pthread,8,0.002318
250000,omp_static,8,0.002637
250000,omp_dynamic,8,0.013110
300000,serial,1,0.009427
300000,pthread,2,0.009932
300000,omp_static,2,0.011261
300000,omp_dynamic,2,0.007497
300000,pthread,4,0.005046
300000,omp_static,4,0.005549
300000,omp_dynamic,4,0.007002
300000,pthread,8,0.003009
300000,omp_static,8,0.003303
300000,omp_dynamic,8,0.015555
350000,serial,1,0.011706
350000,pthread,2,0.012397
350000,omp_static,2,0.013134
350000,omp_dynamic,2,0.009361
350000,pthread,4,0.006286
350000,omp_static,4,0.006912
350000,omp_dynamic,4,0.008253
350000,pthread,8,0.003603
350000,omp_static,8,0.004017
350000,omp_dynamic,8,0.018140
400000,serial,1,0.014143
400000,pthread,2,0.014096
400000,omp_static,2,0.015364
400000,omp_dynamic,2,0.010670
400000,pthread,4,0.007401
400000,omp_static,4,0.008087
400000,omp_dynamic,4,0.009469
400000,pthread,8,0.004286
400000,omp_static,8,0.004755
400000,omp_dynamic,8,0.020378
450000,serial,1,0.016523
450000,pthread,2,0.016573
450000,omp_static,2,0.018026
450000,omp_dynamic,2,0.012096
450000,pthread,4,0.008676
450000,omp_static,4,0.009396
450000,omp_dynamic,4,0.010593
450000,pthread,8,0.005028
450000,omp_static,8,0.005556
450000,omp_dynamic,8,0.022893
500000,serial,1,0.019069
500000,pthread,2,0.019120
500000,omp_static,2,0.020908
500000,omp_dynamic,2,0.013652
500000,pthread,4,0.009999
500000,omp_static,4,0.010850
500000,omp_dynamic,4,0.011810
500000,pthread,8,0.005717
500000,omp_static,8,0.006319
500000,omp_dynamic,8,0.024933
550000,serial,1,0.021669
550000,pthread,2,0.021880
550000,omp_static,2,0.023639
550000,omp_dynamic,2,0.015657
550000,pthread,4,0.011409
550000,omp_static,4,0.012311
550000,omp_dynamic,4,0.013144
550000,pthread,8,0.006508
550000,omp_static,8,0.007148
550000,omp_dynamic,8,0.027593
600000,serial,1,0.024372
600000,pthread,2,0.024657
600000,omp_static,2,0.026327
600000,omp_dynamic,2,0.017294
600000,pthread,4,0.012823
600000,omp_static,4,0.013841
600000,omp_dynamic,4,0.014220
600000,pthread,8,0.007335
600000,omp_static,8,0.008051
600000,omp_dynamic,8,0.029772
650000,serial,1,0.027115
650000,pthread,2,0.027508
650000,omp_static,2,0.029128
650000,omp_dynamic,2,0.019126
650000,pthread,4,0.014282
650000,omp_static,4,0.015427
650000,omp_dynamic,4,0.015515
650000,pthread,8,0.008129
650000,omp_static,8,0.008943
650000,omp_dynamic,8,0.031935
700000,serial,1,0.030008
700000,pthread,2,0.030380
700000,omp_static,2,0.032550
700000,omp_dynamic,2,0.020933
700000,pthread,4,0.015790
700000,omp_static,4,0.017038
700000,omp_dynamic,4,0.016712
700000,pthread,8,0.008983
700000,omp_static,8,0.009804
700000,omp_dynamic,8,0.034307
750000,serial,1,0.033044
750000,pthread,2,0.033403
750000,omp_static,2,0.038572
750000,omp_dynamic,2,0.025043
750000,pthread,4,0.021955
750000,omp_static,4,0.025588
750000,omp_dynamic,4,0.019832
750000,pthread,8,0.010582
750000,omp_static,8,0.012768
750000,omp_dynamic,8,0.036417
800000,serial,1,0.036546
800000,pthread,2,0.036604
800000,omp_static,2,0.039251
800000,omp_dynamic,2,0.024535
800000,pthread,4,0.019135
800000,omp_static,4,0.022178
800000,omp_dynamic,4,0.019297
800000,pthread,8,0.010765
800000,omp_static,8,0.011781
800000,omp_dynamic,8,0.038721
850000,serial,1,0.039383
850000,pthread,2,0.039713
850000,omp_static,2,0.042439
850000,omp_dynamic,2,0.026304
850000,pthread,4,0.020785
850000,omp_static,4,0.022117
850000,omp_dynamic,4,0.020455
850000,pthread,8,0.011642
850000,omp_static,8,0.012757
850000,omp_dynamic,8,0.040902
900000,serial,1,0.042538
900000,pthread,2,0.042943
900000,omp_static,2,0.045938
900000,omp_dynamic,2,0.029036
900000,pthread,4,0.022454
900000,omp_static,4,0.023915
900000,omp_dynamic,4,0.021931
900000,pthread,8,0.012569
900000,omp_static,8,0.013733
900000,omp_dynamic,8,0.042976
950000,serial,1,0.045778
950000,pthread,2,0.046233
950000,omp_static,2,0.049596
950000,omp_dynamic,2,0.030570
950000,pthread,4,0.024185
950000,omp_static,4,0.025678
950000,omp_dynamic,4,0.023147
950000,pthread,8,0.013538
950000,omp_static,8,0.014848
950000,omp_dynamic,8,0.045262
1000000,serial,1,0.049149
1000000,pthread,2,0.049603
1000000,omp_static,2,0.053054
1000000,omp_dynamic,2,0.032603
1000000,pthread,4,0.025887
1000000,omp_static,4,0.027544
1000000,omp_dynamic,4,0.024547
1000000,pthread,8,0.014486
1000000,omp_static,8,0.015819
1000000,omp_dynamic,8,0.047254
1500000,serial,1,0.086007
1500000,pthread,2,0.086946
1500000,omp_static,2,0.092042
1500000,omp_dynamic,2,0.054716
1500000,pthread,4,0.045226
1500000,omp_static,4,0.047993
1500000,omp_dynamic,4,0.038470
1500000,pthread,8,0.025162
1500000,omp_static,8,0.027209
1500000,omp_dynamic,8,0.067821
2000000,serial,1,0.128312
2000000,pthread,2,0.129564
2000000,omp_static,2,0.136824
2000000,omp_dynamic,2,0.079603
2000000,pthread,4,0.067837
2000000,omp_static,4,0.071860
2000000,omp_dynamic,4,0.053905
2000000,pthread,8,0.037612
2000000,omp_static,8,0.040359
2000000,omp_dynamic,8,0.086707
2500000,serial,1,0.174640
2500000,pthread,2,0.176624
2500000,omp_static,2,0.186801
2500000,omp_dynamic,2,0.106798
2500000,pthread,4,0.091534
2500000,omp_static,4,0.096730
2500000,omp_dynamic,4,0.070090
2500000,pthread,8,0.050803
2500000,omp_static,8,0.054625
2500000,omp_dynamic,8,0.107095
3000000,serial,1,0.224920
3000000,pthread,2,0.228376
3000000,omp_static,2,0.239456
3000000,omp_dynamic,2,0.135712
3000000,pthread,4,0.118478
3000000,omp_static,4,0.124065
3000000,omp_dynamic,4,0.087213
3000000,pthread,8,0.065463
3000000,omp_static,8,0.069734
3000000,omp_dynamic,8,0.126654
3500000,serial,1,0.278955
3500000,pthread,2,0.282484
3500000,omp_static,2,0.296177
3500000,omp_dynamic,2,0.167335
3500000,pthread,4,0.146105
3500000,omp_static,4,0.153418
3500000,omp_dynamic,4,0.105366
3500000,pthread,8,0.080918
3500000,omp_static,8,0.086058
3500000,omp_dynamic,8,0.145447
4000000,serial,1,0.336929
4000000,pthread,2,0.340468
4000000,omp_static,2,0.355340
4000000,omp_dynamic,2,0.199241
4000000,pthread,4,0.176482
4000000,omp_static,4,0.183768
4000000,omp_dynamic,4,0.124231
4000000,pthread,8,0.097409
4000000,omp_static,8,0.103402
4000000,omp_dynamic,8,0.165079
4500000,serial,1,0.397043
4500000,pthread,2,0.415101
4500000,omp_static,2,0.427089
4500000,omp_dynamic,2,0.234762
4500000,pthread,4,0.207812
4500000,omp_static,4,0.216809
4500000,omp_dynamic,4,0.143871
4500000,pthread,8,0.114990
4500000,omp_static,8,0.121467
4500000,omp_dynamic,8,0.184095
5000000,serial,1,0.459763
5000000,pthread,2,0.465611
5000000,omp_static,2,0.485631
5000000,omp_dynamic,2,0.268807
5000000,pthread,4,0.240769
5000000,omp_static,4,0.251598
5000000,omp_dynamic,4,0.164704
5000000,pthread,8,0.132859
5000000,omp_static,8,0.140659
5000000,omp_dynamic,8,0.204243
5500000,serial,1,0.525855
5500000,pthread,2,0.532555
5500000,omp_static,2,0.555227
5500000,omp_dynamic,2,0.308465
5500000,pthread,4,0.275307
5500000,omp_static,4,0.287657
5500000,omp_dynamic,4,0.187564
5500000,pthread,8,0.152686
5500000,omp_static,8,0.161072
5500000,omp_dynamic,8,0.223923
6000000,serial,1,0.596120
6000000,pthread,2,0.605226
6000000,omp_static,2,0.625382
6000000,omp_dynamic,2,0.345811
6000000,pthread,4,0.334076
6000000,omp_static,4,0.329268
6000000,omp_dynamic,4,0.210648
6000000,pthread,8,0.172356
6000000,omp_static,8,0.180392
6000000,omp_dynamic,8,0.244017
6500000,serial,1,0.663500
6500000,pthread,2,0.676665
6500000,omp_static,2,0.702062
6500000,omp_dynamic,2,0.382600
6500000,pthread,4,0.347425
6500000,omp_static,4,0.360671
6500000,omp_dynamic,4,0.230444
6500000,pthread,8,0.191524
6500000,omp_static,8,0.201448
6500000,omp_dynamic,8,0.263450
7000000,serial,1,0.737747
7000000,pthread,2,0.748972
7000000,omp_static,2,0.780480
7000000,omp_dynamic,2,0.424726
7000000,pthread,4,0.385900
7000000,omp_static,4,0.400803
7000000,omp_dynamic,4,0.253030
7000000,pthread,8,0.213302
7000000,omp_static,8,0.225072
7000000,omp_dynamic,8,0.284797
7500000,serial,1,0.838808
7500000,pthread,2,0.824278
7500000,omp_static,2,0.853879
7500000,omp_dynamic,2,0.479637
7500000,pthread,4,0.428536
7500000,omp_static,4,0.443630
7500000,omp_dynamic,4,0.276514
7500000,pthread,8,0.233989
7500000,omp_static,8,0.245765
7500000,omp_dynamic,8,0.304194
8000000,serial,1,0.890551
8000000,pthread,2,0.949271
8000000,omp_static,2,1.055604
8000000,omp_dynamic,2,0.528290
8000000,pthread,4,0.485118
8000000,omp_static,4,0.496030
8000000,omp_dynamic,4,0.309735
8000000,pthread,8,0.309109
8000000,omp_static,8,0.340558
8000000,omp_dynamic,8,0.335249
8500000,serial,1,1.001580
8500000,pthread,2,1.046981
8500000,omp_static,2,1.027888
8500000,omp_dynamic,2,0.554289
8500000,pthread,4,0.512253
8500000,omp_static,4,0.531031
8500000,omp_dynamic,4,0.325960
8500000,pthread,8,0.280259
8500000,omp_static,8,0.292684
8500000,omp_dynamic,8,0.347366
9000000,serial,1,1.067057
9000000,pthread,2,1.095027
9000000,omp_static,2,1.110113
9000000,omp_dynamic,2,0.600420
9000000,pthread,4,0.578747
9000000,omp_static,4,0.572367
9000000,omp_dynamic,4,0.350618
9000000,pthread,8,0.301955
9000000,omp_static,8,0.319426
9000000,omp_dynamic,8,0.380451
9500000,serial,1,1.245219
9500000,pthread,2,1.159308
9500000,omp_static,2,1.192230
9500000,omp_dynamic,2,0.644478
9500000,pthread,4,0.596921
9500000,omp_static,4,0.614931
9500000,omp_dynamic,4,0.377405
9500000,pthread,8,0.325486
9500000,omp_static,8,0.340926
9500000,omp_dynamic,8,0.389010
10000000,serial,1,1.248488
10000000,pthread,2,1.242482
10000000,omp_static,2,1.282038
10000000,omp_dynamic,2,0.690307
10000000,pthread,4,0.641465
10000000,omp_static,4,0.661977
10000000,omp_dynamic,4,0.402092
10000000,pthread,8,0.350422
10000000,omp_static,8,0.402469
10000000,omp_dynamic,8,0.421805
15000000,serial,1,2.246037
15000000,pthread,2,2.299824
15000000,omp_static,2,2.409000
15000000,omp_dynamic,2,1.277111
15000000,pthread,4,1.257023
15000000,omp_static,4,1.199136
15000000,omp_dynamic,4,0.691802
15000000,pthread,8,0.623502
15000000,omp_static,8,0.645150
15000000,omp_dynamic,8,0.638480
20000000,serial,1,3.289864
20000000,pthread,2,3.452605
20000000,omp_static,2,3.462178
20000000,omp_dynamic,2,1.873072
20000000,pthread,4,1.716638
20000000,omp_static,4,1.859771
20000000,omp_dynamic,4,1.043443
20000000,pthread,8,0.939948
20000000,omp_static,8,1.000895
20000000,omp_dynamic,8,0.917084
25000000,serial,1,4.548135
25000000,pthread,2,4.666644
25000000,omp_static,2,4.940998
25000000,omp_dynamic,2,2.562390
25000000,pthread,4,2.340117
25000000,omp_static,4,2.557286
25000000,omp_dynamic,4,1.572678
25000000,pthread,8,1.379052
25000000,omp_static,8,1.363848
25000000,omp_dynamic,8,1.201719
30000000,serial,1,6.002933
30000000,pthread,2,5.970705
30000000,omp_static,2,6.274958
30000000,omp_dynamic,2,3.159996
30000000,pthread,4,3.100506
30000000,omp_static,4,3.213854
30000000,omp_dynamic,4,1.771262
30000000,pthread,8,1.756553
30000000,omp_static,8,1.730227
30000000,omp_dynamic,8,1.467303
35000000,serial,1,7.212693
35000000,pthread,2,7.287391
35000000,omp_static,2,7.430790
35000000,omp_dynamic,2,3.895392
35000000,pthread,4,3.733642
35000000,omp_static,4,3.838013
35000000,omp_dynamic,4,2.183596
35000000,pthread,8,2.048600
35000000,omp_static,8,2.102798
35000000,omp_dynamic,8,1.792540
40000000,serial,1,8.654705
40000000,pthread,2,8.814499
40000000,omp_static,2,8.971348
40000000,omp_dynamic,2,4.718894
40000000,pthread,4,4.513068
40000000,omp_static,4,4.600397
40000000,omp_dynamic,4,2.648511
40000000,pthread,8,2.519207
40000000,omp_static,8,2.687659
40000000,omp_dynamic,8,2.368701
45000000,serial,1,10.352273
45000000,pthread,2,10.436067
45000000,omp_static,2,10.938095
45000000,omp_dynamic,2,5.747066
45000000,pthread,4,5.530876
45000000,omp_static,4,5.495864
45000000,omp_dynamic,4,3.189566
45000000,pthread,8,2.956901
45000000,omp_static,8,3.073307
45000000,omp_dynamic,8,2.488785
50000000,serial,1,12.086581
50000000,pthread,2,12.107170
50000000,omp_static,2,12.342683
50000000,omp_dynamic,2,6.456386
50000000,pthread,4,6.206072
50000000,omp_static,4,6.344155
50000000,omp_dynamic,4,3.577783
50000000,pthread,8,3.418947
50000000,omp_static,8,3.471351
50000000,omp_dynamic,8,2.813331
